timestamp,bad,sauna,temp,weather,holiday,weekend,bayern_match,germany_match
2026-05-14T15:00:00,48,81,8.8,61,True,False,False,False
2026-05-18T22:34:19.071210,0,0,10.0,3,False,False,False,False
2026-05-19T10:49:45.723505,13,25,15.3,2,False,False,False,False
2026-05-19T18:18:01.343067,6,26,15.4,2,False,False,False,False
2026-05-19T22:47:06.732242,0,1,10.1,3,False,False,False,False
2026-05-20T10:35:49.338295,20,42,14.1,61,False,False,False,False
2026-05-20T19:33:40.951568,6,17,13.5,3,False,False,False,False
2026-05-20T23:54:24.099995,0,0,12.0,61,False,False,False,False
2026-05-21T11:56:52.043142,8,26,19.3,3,False,False,False,False
2026-05-21T18:29:12.109747,6,24,17.2,3,False,False,False,False
2026-05-21T22:51:29.614520,0,0,10.2,1,False,False,False,False
2026-05-22T10:35:13.833743,14,26,21.5,0,False,False,False,False
2026-05-22T17:26:59.996021,10,20,22.6,0,False,False,False,False
2026-05-22T21:46:02.932810,0,0,14.0,0,False,False,False,False
2026-05-23T07:36:31.452258,0,2,18.3,0,False,True,False,False
2026-05-23T11:44:22.537990,16,20,25.5,0,False,True,False,False
2026-05-23T15:46:48.388840,15,20,26.0,0,False,True,False,False
2026-05-23T19:54:27.182081,5,5,18.0,0,False,True,False,False
2026-05-23T22:39:15.344273,0,0,13.5,2,False,True,False,False
2026-05-24T08:05:33.074937,7,14,22.8,0,False,True,False,False
2026-05-24T11:55:41.627323,32,37,28.6,0,False,True,False,False
2026-05-24T15:48:44.381106,31,35,28.8,0,False,True,False,False
2026-05-24T19:55:10.869404,5,3,20.4,2,False,True,False,False
2026-05-24T23:41:52.659156,0,0,16.2,0,False,True,False,False
2026-05-25T12:47:48.318461,40,23,29.6,1,True,False,False,False
2026-05-25T18:18:33.608498,28,12,25.9,0,True,False,False,False
2026-05-25T22:17:17.894848,22,0,16.5,0,True,False,False,False
2026-05-26T19:29:34.020425,3,8,22.9,0,False,False,False,False
2026-05-26T23:43:57.877471,0,1,15.8,1,False,False,False,False
2026-05-27T12:33:02.590733,11,11,29.6,1,False,False,False,False
2026-05-27T20:32:24.817321,1,0,18.5,2,False,False,False,False
2026-05-28T00:14:30.550952,1,0,16.5,2,False,False,False,False
2026-05-28T12:52:55.434773,10,13,25.6,0,False,False,False,False
2026-05-28T21:03:28.145138,0,0,15.9,0,False,False,False,False
2026-05-29T10:54:59.454618,11,17,25.6,3,False,False,False,False
2026-05-29T19:54:50.674037,5,10,16.9,0,False,False,False,False
2026-05-30T09:04:46.831716,7,11,25.3,3,False,True,False,False
2026-05-30T12:53:03.490822,19,20,27.9,3,False,True,False,False
2026-05-30T16:36:07.488382,14,15,27.1,3,False,True,False,False
2026-05-30T20:18:04.131873,4,2,19.5,3,False,True,False,False
2026-05-30T23:44:37.683671,0,0,16.3,2,False,True,False,False
2026-05-31T09:58:12.521833,13,28,26.9,3,False,True,False,False
2026-05-31T15:04:44.575891,26,31,21.8,3,False,True,False,False
2026-05-31T19:50:33.311251,4,6,16.9,61,False,True,False,False
2026-05-31T23:43:30.740163,1,0,16.0,61,False,True,False,False
2026-06-01T19:27:51.019300,11,15,17.3,1,False,False,False,False
2026-06-01T23:59:21.096991,0,0,11.5,1,False,False,False,False
2026-06-02T13:00:18.290036,18,25,24.5,3,False,False,False,False
2026-06-02T22:13:18.522599,0,0,14.3,61,False,False,False,False
2026-06-03T15:58:49.951846,25,37,15.1,2,False,False,False,False
2026-06-03T23:15:26.251122,1,1,10.7,1,False,False,False,False
2026-06-04T10:51:26.254962,44,39,20.3,3,True,False,False,False
2026-06-04T18:37:12.019718,14,35,15.7,61,True,False,False,False
2026-06-04T22:57:01.371095,0,0,12.7,61,True,False,False,False
2026-06-05T11:39:39.823647,46,54,16.7,2,False,False,False,False
2026-06-05T18:26:31.008031,23,43,16.0,2,False,False,False,False
2026-06-05T22:45:03.115626,1,0,10.9,2,False,False,False,False
2026-06-06T08:16:34.415982,6,7,16.6,3,False,True,False,False
2026-06-06T12:17:37.988758,26,24,21.4,3,False,True,False,False
2026-06-06T16:40:06.558344,20,35,21.3,3,False,True,False,False
2026-06-06T20:46:35.054981,1,1,15.1,2,False,True,False,False
2026-06-07T08:37:17.414081,10,13,18.8,3,False,True,False,False
2026-06-07T15:08:03.871660,30,34,23.3,2,False,True,False,False
2026-06-07T20:00:11.288709,12,1,17.5,3,False,True,False,False
2026-06-07T23:46:02.108831,12,0,10.4,45,False,True,False,False
2026-06-08T14:39:34.657287,14,20,27.7,3,False,False,False,False
2026-06-09T10:42:52.582817,18,33,15.8,61,False,False,False,False
2026-06-09T18:29:42.345117,11,38,13.0,61,False,False,False,False
2026-06-09T23:05:28.967042,1,0,12.2,3,False,False,False,False
2026-06-10T11:56:11.433301,36,69,11.4,61,False,False,False,False
2026-06-10T21:24:25.716516,14,1,9.5,3,False,False,False,False
2026-06-12T11:51:35.939991,28,46,13.4,61,False,False,False,False
2026-06-12T18:31:02.015003,35,62,14.6,3,False,False,False,False
2026-06-12T23:04:18.232093,14,1,14.9,3,False,False,False,False
2026-06-13T10:08:36.184938,13,19,21.0,2,False,True,False,False
2026-06-13T15:52:37.557546,27,32,24.7,1,False,True,False,False
2026-06-13T17:14:19.240626,25,32,24.4,0,False,True,False,False
2026-06-13T18:46:51.691746,19,29,20.8,1,False,True,False,False
2026-06-13T20:08:45.110989,16,13,18.1,1,False,True,False,False
2026-06-13T21:37:18.496591,14,1,17.9,0,False,True,False,False
2026-06-13T22:44:40.457266,14,1,18.3,1,False,True,False,False
2026-06-13T23:50:34.418847,14,1,17.8,1,False,True,False,False
2026-06-14T02:06:43.618418,14,1,15.8,2,False,True,False,True
2026-06-14T06:56:05.918975,0,0,18.8,3,False,True,False,True
2026-06-14T10:26:00.286743,25,30,18.1,3,False,True,False,True
2026-06-14T12:23:29.770131,33,43,20.3,3,False,True,False,True
2026-06-14T16:11:07.837019,25,32,21.2,1,False,True,False,True
2026-06-14T17:48:29.548696,24,29,19.5,2,False,True,False,True
2026-06-14T19:00:59.939427,23,21,17.2,2,False,True,False,True
2026-06-14T21:49:59.870244,17,0,14.8,3,False,True,False,True
2026-06-14T22:56:09.466805,17,0,14.2,3,False,True,False,True
2026-06-15T00:12:12.908794,17,0,14.0,3,False,False,False,False
2026-06-15T11:32:26.466855,11,22,21.3,1,False,False,False,False
2026-06-15T16:30:17.023703,3,16,21.7,0,False,False,False,False
2026-06-15T20:04:34.930849,0,2,16.4,1,False,False,False,False
2026-06-15T22:26:22.385278,0,0,12.5,1,False,False,False,False
2026-06-16T00:11:53.269910,0,0,10.9,2,False,False,False,False
2026-06-16T05:34:34.765141,0,0,11.6,2,False,False,False,False
2026-06-16T10:29:09.437949,11,20,22.5,3,False,False,False,False
2026-06-16T15:30:08.190863,6,25,21.5,3,False,False,False,False
2026-06-16T19:04:27.992641,5,15,17.2,80,False,False,False,False
2026-06-16T21:45:51.241988,0,0,16.4,2,False,False,False,False
2026-06-16T23:13:17.873034,0,0,15.9,80,False,False,False,False
2026-06-17T01:42:54.482171,0,0,15.9,3,False,False,False,False
2026-06-17T06:52:47.579514,0,0,21.0,2,False,False,False,False
2026-06-17T11:41:29.842404,13,19,26.5,3,False,False,False,False
2026-06-17T14:40:02.375167,17,20,24.9,3,False,False,False,False
2026-06-17T17:38:40.312984,9,20,24.2,3,False,False,False,False
2026-06-17T19:49:51.367840,8,5,20.1,2,False,False,False,False
2026-06-17T21:48:08.768025,8,0,17.6,2,False,False,False,False
2026-06-17T23:11:04.919972,8,0,16.2,45,False,False,False,False
2026-06-18T01:43:01.824696,8,0,15.1,45,False,False,False,False
2026-06-18T06:30:08.253336,0,0,19.7,1,False,False,False,False
2026-06-18T10:57:07.176337,11,18,27.3,1,False,False,False,False
2026-06-18T14:13:01.479740,10,18,30.0,1,False,False,False,False
2026-06-18T17:30:55.866487,13,13,27.8,1,False,False,False,False
2026-06-18T19:50:18.097374,10,4,23.0,1,False,False,False,False
2026-06-18T21:53:37.711827,9,0,20.8,1,False,False,False,False
2026-06-18T23:41:09.509881,9,0,17.5,0,False,False,False,False
2026-06-19T02:31:47.524040,9,0,15.2,1,False,False,False,False
2026-06-19T08:16:32.464114,4,7,25.6,0,False,False,False,False
2026-06-19T12:26:18.433589,9,17,33.1,0,False,False,False,False
2026-06-19T15:48:35.453838,10,13,32.5,0,False,False,False,False
2026-06-19T17:44:33.104080,9,11,30.6,2,False,False,False,False
2026-06-19T19:18:40.221459,11,9,26.0,3,False,False,False,False
2026-06-19T20:49:25.862064,10,1,22.9,3,False,False,False,False
2026-06-19T21:55:21.883879,10,1,22.4,3,False,False,False,False
2026-06-19T22:57:31.933275,10,1,21.6,3,False,False,False,False
2026-06-20T00:14:56.382303,10,1,20.4,3,False,True,False,True
2026-06-20T04:42:46.599772,0,0,17.8,2,False,True,False,True
2026-06-20T08:14:10.660903,5,5,26.5,1,False,True,False,True
2026-06-20T10:41:34.465040,16,14,31.6,0,False,True,False,True
2026-06-20T12:18:58.529808,22,16,32.8,2,False,True,False,True
2026-06-20T14:35:56.146853,26,17,33.0,1,False,True,False,True
2026-06-20T16:04:23.276270,26,14,32.1,0,False,True,False,True
2026-06-20T17:42:55.261643,22,11,30.2,1,False,True,False,True
2026-06-20T19:00:07.627595,11,4,26.6,3,False,True,False,True
2026-06-20T20:22:18.960137,6,0,22.7,3,False,True,False,True
2026-06-20T21:44:28.355856,6,0,20.9,3,False,True,False,True
2026-06-20T22:52:04.907237,6,0,19.6,3,False,True,False,True
2026-06-20T23:59:03.982023,6,0,18.4,3,False,True,False,True
2026-06-21T05:09:39.758757,0,0,18.2,2,False,True,False,False
2026-06-21T09:02:07.917866,9,15,30.1,2,False,True,False,False
2026-06-21T11:50:34.284567,24,21,33.9,3,False,True,False,False
2026-06-21T13:28:19.250414,33,20,29.7,3,False,True,False,False
2026-06-21T15:28:38.427101,27,19,30.1,3,False,True,False,False
2026-06-21T17:07:24.085240,23,15,28.6,3,False,True,False,False
2026-06-21T18:48:00.221178,20,8,25.4,3,False,True,False,False
2026-06-21T20:18:05.598332,9,0,23.1,3,False,True,False,False
2026-06-21T21:46:36.989611,9,0,21.4,2,False,True,False,False
2026-06-21T22:52:46.353184,9,0,20.0,0,False,True,False,False
2026-06-22T00:04:54.649326,9,0,17.9,1,False,False,False,False
2026-06-22T05:26:28.968722,0,0,18.0,0,False,False,False,False
2026-06-22T11:14:30.694552,0,0,32.1,3,False,False,False,False
2026-06-22T16:02:19.928041,0,0,32.0,1,False,False,False,False
2026-06-22T19:39:22.717935,0,0,25.2,2,False,False,False,False
2026-06-22T21:48:33.639473,0,0,21.9,3,False,False,False,False
2026-06-22T23:07:49.248357,0,0,20.7,3,False,False,False,False
2026-06-23T00:19:42.727143,0,0,19.6,1,False,False,False,False
2026-06-23T04:35:14.256326,0,0,17.0,1,False,False,False,False
2026-06-23T08:08:11.753074,0,0,27.6,1,False,False,False,False
2026-06-23T11:29:59.925976,0,0,31.9,3,False,False,False,False
2026-06-23T14:01:14.845524,0,0,23.4,95,False,False,False,False
2026-06-23T16:33:25.493279,0,0,30.1,3,False,False,False,False
2026-06-23T18:26:51.987266,0,0,26.7,1,False,False,False,False
2026-06-23T20:33:56.408811,0,0,23.5,2,False,False,False,False
2026-06-23T22:01:47.131124,0,0,21.2,1,False,False,False,False
2026-06-23T23:17:15.353526,0,0,20.1,1,False,False,False,False
2026-06-24T00:14:13.674722,0,0,19.6,1,False,False,False,False
2026-06-24T04:39:34.716447,0,0,17.7,1,False,False,False,False
2026-06-24T08:04:31.612621,0,0,27.6,0,False,False,False,False
2026-06-24T11:14:16.354584,0,0,32.4,1,False,False,False,False
2026-06-24T13:30:04.934450,0,0,33.5,2,False,False,False,False
2026-06-24T15:54:53.058166,0,0,32.8,1,False,False,False,False
2026-06-24T17:53:00.937241,0,0,31.1,1,False,False,False,False
2026-06-24T19:28:34.919989,0,0,27.7,0,False,False,False,False
2026-06-24T21:10:51.891664,0,0,23.7,0,False,False,False,False
2026-06-24T22:39:57.889705,0,0,20.2,0,False,False,False,False
2026-06-24T23:48:56.035786,0,0,18.5,0,False,False,False,False
2026-06-25T01:52:48.648415,0,0,17.2,0,False,False,False,True
2026-06-25T05:59:48.169935,0,0,21.8,0,False,False,False,True
2026-06-25T09:37:52.796440,0,0,31.0,0,False,False,False,True
2026-06-25T12:04:48.592885,0,0,33.9,0,False,False,False,True
2026-06-25T14:51:59.625156,0,0,33.8,0,False,False,False,True
2026-06-25T17:03:37.978487,0,0,32.0,0,False,False,False,True
2026-06-25T19:13:03.398040,0,0,26.7,0,False,False,False,True
2026-06-25T21:03:12.352478,0,0,23.8,0,False,False,False,True
2026-06-25T22:41:38.209476,0,0,21.2,0,False,False,False,True
2026-06-25T23:59:11.448568,0,0,19.4,0,False,False,False,True
2026-06-26T04:24:18.526498,0,0,15.3,1,False,False,False,False
2026-06-26T08:06:51.019728,0,0,27.6,0,False,False,False,False
2026-06-26T11:13:28.539513,0,0,33.1,0,False,False,False,False
2026-06-26T13:22:36.841207,0,0,34.2,0,False,False,False,False
2026-06-26T15:36:22.860044,0,0,33.9,1,False,False,False,False
2026-06-26T17:21:30.153754,0,0,32.5,0,False,False,False,False
2026-06-26T19:13:02.357767,0,0,27.2,0,False,False,False,False
2026-06-26T20:55:53.942971,0,0,22.8,0,False,False,False,False
2026-06-26T22:14:35.157656,0,0,19.3,0,False,False,False,False
2026-06-26T23:36:16.717454,0,0,16.8,0,False,False,False,False
2026-06-27T01:32:36.760648,0,0,15.3,0,False,True,False,False
2026-06-27T05:34:07.077026,0,0,19.7,2,False,True,False,False
2026-06-27T08:13:16.433234,7,9,28.9,2,False,True,False,False
2026-06-27T10:24:47.876346,18,14,33.3,0,False,True,False,False
2026-06-27T11:53:25.163549,20,19,36.1,0,False,True,False,False
2026-06-27T13:21:21.354213,21,18,37.5,0,False,True,False,False
2026-06-27T14:57:59.910917,20,18,36.6,0,False,True,False,False
2026-06-27T16:12:09.517355,18,14,36.2,0,False,True,False,False
2026-06-27T17:31:17.907363,12,10,34.1,0,False,True,False,False
2026-06-27T18:47:14.515279,10,4,30.8,0,False,True,False,False
2026-06-27T20:00:17.162635,5,2,27.0,0,False,True,False,False
2026-06-27T21:14:16.321920,0,0,23.2,0,False,True,False,False
2026-06-27T22:18:15.934406,0,0,21.3,0,False,True,False,False
2026-06-27T23:31:54.962225,0,0,20.1,0,False,True,False,False
2026-06-28T06:01:21.224385,0,0,25.5,0,False,True,False,False
2026-06-28T11:21:01.404766,22,19,35.4,1,False,True,False,False
2026-06-28T12:50:08.183878,21,22,35.8,2,False,True,False,False
2026-06-28T14:29:17.569998,22,17,35.7,1,False,True,False,False
2026-06-28T15:53:10.077728,16,12,35.1,1,False,True,False,False
2026-06-28T17:02:31.676031,8,11,34.1,1,False,True,False,False
2026-06-28T18:14:30.220470,4,8,29.3,1,False,True,False,False
2026-06-28T19:48:13.417644,2,1,25.4,3,False,True,False,False
2026-06-28T20:46:34.257534,1,0,24.4,3,False,True,False,False
2026-06-28T21:47:11.420673,1,0,23.5,3,False,True,False,False
2026-06-28T22:46:11.037101,1,0,22.6,1,False,True,False,False
2026-06-28T23:53:35.676458,1,0,21.0,2,False,True,False,False
2026-06-29T02:57:03.483418,1,0,19.2,1,False,False,False,True
2026-06-29T08:18:26.381852,3,5,28.3,2,False,False,False,True
2026-06-29T12:43:26.766366,3,8,30.8,1,False,False,False,True
2026-06-29T16:28:20.056508,3,7,22.3,96,False,False,False,True
2026-06-29T18:30:27.156794,2,7,18.2,96,False,False,False,True
2026-06-29T20:28:10.363557,0,0,19.6,61,False,False,False,True
2026-06-29T21:53:55.256703,0,0,19.3,61,False,False,False,True
2026-06-29T22:52:20.699459,0,0,18.6,3,False,False,False,True
2026-06-29T23:55:20.807858,0,0,18.4,3,False,False,False,True
2026-06-30T03:37:30.733546,0,0,17.5,45,False,False,False,False
2026-06-30T07:36:55.186694,0,0,20.8,3,False,False,False,False
2026-06-30T10:43:58.030780,6,11,24.6,3,False,False,False,False
2026-06-30T12:32:05.118391,4,9,27.3,3,False,False,False,False
2026-06-30T15:16:16.062693,4,8,29.3,3,False,False,False,False
2026-06-30T17:18:16.003746,3,11,27.5,3,False,False,False,False
2026-06-30T19:12:07.473819,4,8,25.0,3,False,False,False,False
2026-06-30T21:05:38.003122,0,0,22.3,3,False,False,False,False
2026-06-30T22:36:19.436251,0,0,20.1,3,False,False,False,False
2026-06-30T23:48:01.327557,0,0,20.0,3,False,False,False,False
2026-07-01T01:58:33.012208,0,0,20.1,3,False,False,False,False
2026-07-01T06:40:44.685362,0,0,20.2,3,False,False,False,False
2026-07-01T10:32:52.166969,16,23,18.2,95,False,False,False,False
2026-07-01T13:19:58.328542,18,32,17.5,61,False,False,False,False
2026-07-01T15:59:04.999888,12,24,18.3,3,False,False,False,False
2026-07-01T18:05:36.905189,6,26,16.2,3,False,False,False,False
2026-07-01T20:08:38.067993,0,0,14.7,3,False,False,False,False
2026-07-01T21:45:50.955208,0,0,14.5,3,False,False,False,False
2026-07-01T22:56:09.553397,0,0,14.2,95,False,False,False,False
2026-07-02T00:09:40.640061,0,0,14.0,61,False,False,False,False
2026-07-02T04:20:49.346651,0,0,13.7,45,False,False,False,False
2026-07-02T07:48:46.360538,0,0,19.1,0,False,False,False,False
2026-07-02T10:24:05.941569,6,15,21.9,2,False,False,False,False
2026-07-02T12:26:59.501469,5,16,23.4,2,False,False,False,False
2026-07-02T14:40:39.506781,7,13,24.8,2,False,False,False,False
2026-07-02T16:28:45.098533,2,11,24.2,0,False,False,False,False
2026-07-02T18:15:59.539215,3,13,22.3,1,False,False,False,False
2026-07-02T19:56:23.378798,0,2,19.8,2,False,False,False,False
2026-07-02T21:10:19.493749,0,0,19.0,2,False,False,False,False
2026-07-02T22:18:41.911635,0,0,19.5,2,False,False,False,False
2026-07-02T23:33:00.885908,0,0,19.1,2,False,False,False,False
2026-07-03T01:13:29.898859,0,0,18.2,3,False,False,False,False
2026-07-03T08:17:25.130845,3,5,19.2,3,False,False,False,False
2026-07-03T11:03:15.764348,6,18,21.5,2,False,False,False,False
2026-07-03T13:04:20.779581,6,14,23.4,3,False,False,False,False
2026-07-03T15:22:02.122264,8,17,24.0,0,False,False,False,False
2026-07-03T16:50:49.319182,8,18,23.7,0,False,False,False,False
2026-07-03T18:06:17.064336,8,19,21.8,0,False,False,False,False
2026-07-03T19:45:58.003850,6,11,17.9,1,False,False,False,False
2026-07-03T20:46:30.847033,0,0,16.1,3,False,False,False,False
2026-07-03T21:49:42.700620,0,0,14.9,0,False,False,False,False
2026-07-03T22:47:44.958583,0,0,13.6,1,False,False,False,False
2026-07-04T05:01:58.725078,0,0,12.7,1,False,True,False,False
2026-07-04T07:57:28.989607,2,7,20.0,1,False,True,False,False
2026-07-04T10:16:16.044195,12,20,23.2,1,False,True,False,False
2026-07-04T11:47:58.807434,15,24,24.8,1,False,True,False,False
2026-07-04T12:50:02.077306,13,25,25.3,1,False,True,False,False
2026-07-04T14:20:30.208296,14,27,25.6,1,False,True,False,False
2026-07-04T15:36:56.477326,13,23,25.3,0,False,True,False,False
2026-07-04T16:39:57.213242,11,21,25.1,0,False,True,False,False
2026-07-04T17:44:08.689014,11,19,23.9,2,False,True,False,False
2026-07-04T18:43:18.705972,12,15,21.7,2,False,True,False,False
2026-07-04T19:57:02.873179,4,8,19.7,1,False,True,False,False
2026-07-04T21:02:29.474214,0,0,17.6,2,False,True,False,False
2026-07-04T22:07:23.249218,0,0,16.1,1,False,True,False,False
2026-07-04T23:11:10.085657,0,0,15.6,0,False,True,False,False
2026-07-05T00:13:06.921462,0,0,15.2,1,False,True,False,False
2026-07-05T04:31:34.245810,0,0,16.3,2,False,True,False,False
2026-07-05T07:44:48.357074,1,5,20.8,3,False,True,False,False
2026-07-05T09:57:25.463063,13,24,23.3,3,False,True,False,False
2026-07-05T11:37:58.642129,24,32,25.0,3,False,True,False,False
2026-07-05T12:52:04.325394,33,41,24.2,3,False,True,False,False
2026-07-05T14:25:15.061201,30,44,24.6,80,False,True,False,False
2026-07-05T15:46:05.945759,24,39,21.8,3,False,True,False,False
2026-07-05T16:47:06.439180,20,32,21.4,80,False,True,False,False
2026-07-05T17:50:30.471578,16,30,22.0,3,False,True,False,False
2026-07-05T18:53:29.392757,8,20,18.5,95,False,True,False,False
2026-07-05T20:09:56.975000,0,0,16.5,61,False,True,False,False
2026-07-05T21:19:06.302048,0,0,15.6,3,False,True,False,False
2026-07-05T22:26:49.066841,0,0,15.5,3,False,True,False,False
2026-07-05T23:35:40.088048,0,0,15.7,3,False,True,False,False
2026-07-06T01:20:39.593490,0,0,15.9,61,False,False,False,False
2026-07-06T05:43:31.329655,0,0,16.8,3,False,False,False,False
2026-07-06T09:45:05.128252,16,21,20.3,3,False,False,False,False
2026-07-06T13:33:58.732077,13,23,23.6,3,False,False,False,False
2026-07-06T16:42:32.511281,8,20,23.8,2,False,False,False,False
2026-07-06T18:32:10.228474,6,21,21.4,2,False,False,False,False
2026-07-06T20:30:14.659248,0,0,19.0,2,False,False,False,False
2026-07-06T21:58:18.739164,0,0,17.8,3,False,False,False,False
2026-07-06T23:14:50.822739,0,0,17.8,3,False,False,False,False
2026-07-07T01:10:02.576556,0,0,16.9,2,False,False,False,False
2026-07-07T05:06:12.285119,0,0,19.2,1,False,False,False,False
2026-07-07T08:37:06.021124,6,9,25.9,3,False,False,False,False
2026-07-07T11:28:36.118134,8,14,28.9,3,False,False,False,False
2026-07-07T13:37:10.523495,10,12,29.3,2,False,False,False,False
2026-07-07T16:09:46.061133,5,13,29.3,2,False,False,False,False
2026-07-07T18:19:28.774419,4,14,26.0,3,False,False,False,False
2026-07-07T20:19:01.343480,0,0,22.1,3,False,False,False,False
2026-07-07T21:47:03.602013,0,0,21.3,3,False,False,False,False
2026-07-07T22:46:02.988505,0,0,22.0,3,False,False,False,False
2026-07-07T23:40:19.503004,0,0,21.7,3,False,False,False,False
2026-07-08T01:11:30.704429,0,0,21.3,3,False,False,False,False
2026-07-08T04:32:45.660812,0,0,19.8,61,False,False,False,False
2026-07-08T07:10:26.018719,0,0,18.6,61,False,False,False,False
2026-07-08T09:36:51.153218,13,23,19.4,61,False,False,False,False
2026-07-08T11:28:14.755470,17,25,20.3,3,False,False,False,False
2026-07-08T13:09:41.576697,14,22,21.9,3,False,False,False,False
2026-07-08T15:33:43.896440,9,23,22.5,3,False,False,False,False
2026-07-08T17:04:02.265402,10,31,22.7,3,False,False,False,False
2026-07-08T18:39:57.200954,10,29,20.3,3,False,False,False,False
2026-07-08T20:08:51.115026,0,0,19.6,3,False,False,False,False
2026-07-08T21:29:38.346327,0,0,19.1,3,False,False,False,False
2026-07-08T22:35:53.428000,0,0,17.3,3,False,False,False,False
2026-07-08T23:42:11.001898,0,0,17.1,3,False,False,False,False
2026-07-09T01:17:47.210014,0,0,16.7,3,False,False,False,False
2026-07-09T05:11:55.055403,0,0,15.8,2,False,False,False,False
2026-07-09T08:45:24.177814,7,12,20.6,2,False,False,False,False
2026-07-09T11:37:40.278168,8,20,24.3,2,False,False,False,False
2026-07-09T14:14:22.630954,8,22,25.6,2,False,False,False,False
2026-07-09T16:44:21.403112,6,14,25.0,0,False,False,False,False
2026-07-09T18:29:34.771792,6,14,22.8,0,False,False,False,False
2026-07-09T20:23:56.612910,0,0,18.3,0,False,False,False,False
2026-07-09T21:55:35.357096,0,0,16.4,0,False,False,False,False
2026-07-09T23:11:41.569131,0,0,15.1,0,False,False,False,False
2026-07-10T00:19:05.240367,0,0,14.3,0,False,False,False,False
2026-07-10T04:28:34.893073,0,0,11.7,45,False,False,False,False
2026-07-10T08:00:06.972128,2,4,21.7,1,False,False,False,False
2026-07-10T11:14:16.126744,6,16,27.0,3,False,False,False,False
2026-07-10T13:20:06.926618,10,16,28.9,0,False,False,False,False
2026-07-10T15:41:28.777934,10,15,28.4,0,False,False,False,False
2026-07-10T17:27:43.143607,9,12,27.2,0,False,False,False,False
2026-07-10T19:04:28.340924,6,10,23.0,0,False,False,False,False
2026-07-10T20:39:51.154157,0,0,20.0,0,False,False,False,False
2026-07-10T21:41:16.713584,0,0,18.4,0,False,False,False,False
2026-07-10T22:41:18.294441,0,0,17.0,0,False,False,False,False
2026-07-10T23:39:23.179810,0,0,15.0,0,False,False,False,False
2026-07-11T01:07:19.582987,0,0,14.5,0,False,True,False,False
2026-07-11T04:25:30.220820,0,0,13.8,0,False,True,False,False
2026-07-11T06:35:02.177686,0,0,19.8,0,False,True,False,False
2026-07-11T08:24:52.882504,6,7,24.2,0,False,True,False,False
2026-07-11T09:57:19.326565,11,14,26.5,1,False,True,False,False
2026-07-11T11:09:49.609969,14,19,28.7,1,False,True,False,False
2026-07-11T12:04:52.610350,15,19,29.1,1,False,True,False,False
2026-07-11T13:48:46.108175,15,21,29.5,0,False,True,False,False
2026-07-11T14:41:20.093190,14,22,29.4,0,False,True,False,False
2026-07-11T15:37:57.448400,12,22,29.2,0,False,True,False,False
2026-07-11T16:33:05.753628,10,18,28.7,0,False,True,False,False
2026-07-11T17:35:41.707953,9,12,27.3,0,False,True,False,False
2026-07-11T18:32:02.510326,8,9,24.5,0,False,True,False,False
2026-07-11T19:46:42.166514,4,6,21.0,0,False,True,False,False
2026-07-11T20:32:38.646908,0,0,19.8,0,False,True,False,False
2026-07-11T21:28:03.439240,0,0,18.8,0,False,True,False,False
2026-07-11T22:24:46.318319,0,0,17.2,0,False,True,False,False
2026-07-11T23:26:03.548617,0,0,15.7,0,False,True,False,False
2026-07-12T01:03:33.227901,0,0,14.8,0,False,True,False,False
2026-07-12T04:33:05.414493,0,0,12.8,0,False,True,False,False
2026-07-12T07:11:11.091885,0,0,19.9,0,False,True,False,False
2026-07-12T09:15:55.137617,10,16,24.0,1,False,True,False,False
2026-07-12T10:46:07.899682,16,21,26.5,1,False,True,False,False
2026-07-12T11:45:56.235368,20,20,27.4,1,False,True,False,False
2026-07-12T12:41:23.582114,22,20,27.7,1,False,True,False,False
2026-07-12T14:15:15.051381,20,18,27.3,1,False,True,False,False
2026-07-12T15:26:47.119768,14,18,27.4,2,False,True,False,False
2026-07-12T16:28:21.752961,10,14,26.9,3,False,True,False,False
2026-07-12T17:34:25.511483,7,14,25.7,3,False,True,False,False
2026-07-12T18:31:34.947378,5,13,23.5,0,False,True,False,False
2026-07-12T19:43:59.256666,3,7,21.4,0,False,True,False,False
2026-07-12T20:28:37.977466,0,0,19.7,0,False,True,False,False
2026-07-12T21:26:32.861484,0,0,16.5,0,False,True,False,False
2026-07-12T22:23:56.488158,0,0,15.0,0,False,True,False,False
2026-07-12T23:24:22.569098,0,0,12.6,0,False,True,False,False
2026-07-13T01:02:32.692715,0,0,12.3,0,False,False,False,False
2026-07-13T04:38:26.144891,0,0,12.5,0,False,False,False,False
2026-07-13T07:52:24.125591,0,0,22.6,0,False,False,False,False
2026-07-13T10:51:01.874875,9,12,28.4,0,False,False,False,False
2026-07-13T13:10:59.304213,8,12,30.7,1,False,False,False,False
2026-07-13T15:54:44.139814,6,9,30.3,3,False,False,False,False
2026-07-13T17:52:55.828083,4,12,27.7,3,False,False,False,False
2026-07-13T19:15:31.464555,2,9,23.8,2,False,False,False,False
2026-07-13T20:35:26.869022,0,0,21.4,3,False,False,False,False
2026-07-13T21:31:52.156378,0,0,20.0,3,False,False,False,False
2026-07-13T22:31:58.946381,0,0,18.3,1,False,False,False,False
2026-07-13T23:29:31.893126,0,0,17.2,1,False,False,False,False
2026-07-14T00:55:18.437164,0,0,16.3,3,False,False,False,False
2026-07-14T03:56:13.199707,0,0,16.1,3,False,False,False,False
2026-07-14T06:11:54.110427,0,0,19.9,80,False,False,False,False
2026-07-14T08:28:03.562235,5,5,24.8,3,False,False,False,False
2026-07-14T10:19:19.331338,11,14,23.7,61,False,False,False,False
2026-07-14T11:49:11.511662,9,15,22.2,61,False,False,False,False
2026-07-14T12:55:57.578139,10,17,24.2,3,False,False,False,False
2026-07-14T14:52:20.153177,11,17,25.7,3,False,False,False,False
2026-07-14T16:08:15.091393,11,15,26.1,3,False,False,False,False
2026-07-14T17:33:04.798023,8,17,26.0,1,False,False,False,False
2026-07-14T18:44:05.882540,7,12,24.7,2,False,False,False,False
2026-07-14T19:57:59.633393,2,2,23.1,2,False,False,False,False
2026-07-14T21:05:47.895950,0,0,21.6,3,False,False,False,False
2026-07-14T22:09:46.159074,0,0,20.2,3,False,False,False,False
2026-07-14T23:10:17.829219,0,0,18.9,61,False,False,False,False
2026-07-15T00:04:44.832243,0,0,18.5,3,False,False,False,False
2026-07-15T03:27:24.377660,0,0,16.1,3,False,False,False,False
2026-07-15T05:53:54.787491,0,0,19.5,3,False,False,False,False
2026-07-15T07:59:31.707678,0,0,20.7,3,False,False,False,False
2026-07-15T10:10:21.381711,20,20,21.6,61,False,False,False,False
2026-07-15T11:47:49.205866,24,23,23.9,3,False,False,False,False
2026-07-15T12:59:33.867623,21,25,25.1,1,False,False,False,False
2026-07-15T14:58:46.136139,14,25,25.0,3,False,False,False,False
2026-07-15T16:39:12.730727,8,25,21.7,80,False,False,False,False
2026-07-15T17:53:07.644991,12,22,20.7,61,False,False,False,False
2026-07-15T18:59:38.322425,10,17,20.0,2,False,False,False,False
2026-07-15T20:16:06.559951,0,0,19.0,3,False,False,False,False
2026-07-15T21:17:45.109779,0,0,18.6,61,False,False,False,False
2026-07-15T22:17:31.072956,0,0,18.1,3,False,False,False,False
2026-07-15T23:16:46.873881,0,0,18.0,45,False,False,False,False
2026-07-16T00:13:24.867400,0,0,17.6,45,False,False,False,False
2026-07-16T03:40:49.295746,0,0,15.6,45,False,False,False,False
2026-07-16T06:04:41.284229,0,0,19.5,0,False,False,False,False
2026-07-16T08:30:11.317184,6,8,24.0,1,False,False,False,False
2026-07-16T10:30:17.907793,9,12,27.2,1,False,False,False,False
2026-07-16T12:04:24.816518,8,13,29.2,3,False,False,False,False
2026-07-16T14:17:01.599501,8,14,30.9,3,False,False,False,False
2026-07-16T15:50:11.451443,8,9,30.8,0,False,False,False,False
2026-07-16T16:57:11.894615,6,9,30.1,3,False,False,False,False
2026-07-16T18:08:39.107335,5,9,28.1,3,False,False,False,False
2026-07-16T19:32:58.985320,4,5,24.7,3,False,False,False,False
2026-07-16T20:30:15.644913,0,0,23.1,3,False,False,False,False
2026-07-16T21:37:27.900067,0,0,22.5,80,False,False,False,False
2026-07-16T22:36:03.604768,0,0,19.5,3,False,False,False,False
2026-07-16T23:34:29.295830,0,0,18.6,45,False,False,False,False
2026-07-17T01:07:39.556606,0,0,17.8,45,False,False,False,False
2026-07-17T04:22:22.315777,0,0,17.3,3,False,False,False,False
2026-07-17T06:34:15.363605,0,0,19.2,3,False,False,False,False
2026-07-17T08:52:25.509538,8,11,23.1,2,False,False,False,False
2026-07-17T10:38:47.018344,12,15,25.0,2,False,False,False,False
2026-07-17T11:56:54.121542,12,15,27.0,2,False,False,False,False
2026-07-17T13:45:56.962195,9,17,29.3,1,False,False,False,False
2026-07-17T15:02:32.813126,7,15,29.4,0,False,False,False,False
2026-07-17T16:22:36.531644,4,17,29.1,1,False,False,False,False
2026-07-17T17:35:26.838776,6,14,28.2,0,False,False,False,False
2026-07-17T18:38:59.293251,6,15,25.4,0,False,False,False,False
2026-07-17T19:46:26.761455,5,9,21.2,2,False,False,False,False
2026-07-17T20:37:47.029730,1,0,20.1,1,False,False,False,False
2026-07-17T21:30:36.546393,0,0,19.1,2,False,False,False,False
2026-07-17T22:25:56.845060,0,0,18.7,3,False,False,False,False
2026-07-17T23:24:16.519289,0,0,19.0,95,False,False,False,False
2026-07-18T00:53:47.920274,0,0,18.1,3,False,True,False,False
2026-07-18T03:51:13.973722,0,0,15.9,1,False,True,False,False
2026-07-18T05:54:54.959803,0,0,18.6,3,False,True,False,False
2026-07-18T07:46:32.246376,3,6,21.1,3,False,True,False,False
2026-07-18T09:11:35.823538,10,13,22.6,3,False,True,False,False
2026-07-18T10:40:55.569779,19,23,24.9,3,False,True,False,False
2026-07-18T11:37:06.053092,22,30,25.9,3,False,True,False,False
2026-07-18T12:35:57.500129,26,31,26.8,2,False,True,False,False
2026-07-18T14:05:02.894814,29,38,23.4,3,False,True,False,False
2026-07-18T15:10:03.394325,28,37,20.2,95,False,True,False,False
2026-07-18T16:10:14.405290,20,37,22.0,3,False,True,False,False
2026-07-18T17:13:54.306888,18,33,23.1,3,False,True,False,False
2026-07-18T18:09:35.558035,19,32,19.2,3,False,True,False,False
2026-07-18T19:30:10.259181,11,18,19.1,3,False,True,False,False
2026-07-18T20:22:43.517634,8,5,18.1,3,False,True,False,False
2026-07-18T21:11:44.760805,1,0,17.5,3,False,True,False,False
2026-07-18T22:07:51.229528,1,0,16.4,3,False,True,False,False
2026-07-18T23:08:02.140909,1,0,15.9,3,False,True,False,False
2026-07-19T00:07:52.627511,1,0,15.8,2,False,True,False,False
2026-07-19T03:50:36.606382,0,0,13.1,3,False,True,False,False
2026-07-19T06:19:25.339634,0,0,16.9,80,False,True,False,False
2026-07-19T08:38:09.715775,16,18,18.3,96,False,True,False,False
2026-07-19T10:14:00.623270,41,41,16.9,95,False,True,False,False
2026-07-19T11:32:37.642805,60,60,18.4,3,False,True,False,False
2026-07-19T12:31:43.359968,67,71,19.8,2,False,True,False,False
2026-07-19T14:06:12.234982,63,75,21.4,1,False,True,False,False
2026-07-19T15:11:31.600843,54,66,22.0,2,False,True,False,False
2026-07-19T16:10:19.590369,41,53,20.1,2,False,True,False,False
2026-07-19T17:15:14.105243,28,45,20.6,2,False,True,False,False
2026-07-19T18:10:56.667377,15,39,19.6,2,False,True,False,False
2026-07-19T19:32:21.669990,10,18,17.5,2,False,True,False,False
2026-07-19T20:25:36.451955,0,1,16.7,2,False,True,False,False
2026-07-19T21:24:26.913742,0,1,15.2,45,False,True,False,False
2026-07-19T22:24:56.819361,0,1,14.6,3,False,True,False,False
2026-07-19T23:28:51.284590,0,1,13.4,2,False,True,False,False
2026-07-20T02:51:04.409326,0,1,11.2,45,False,False,False,False
2026-07-20T04:49:27.238499,0,0,11.6,45,False,False,False,False
2026-07-20T07:48:14.420934,0,0,17.1,2,False,False,False,False
2026-07-20T10:34:40.601466,14,18,20.8,1,False,False,False,False
2026-07-20T12:37:01.546187,8,20,22.4,2,False,False,False,False
2026-07-20T14:54:55.057450,8,22,23.3,0,False,False,False,False
2026-07-20T16:22:41.869057,8,16,22.8,2,False,False,False,False
2026-07-20T18:26:50.253313,5,12,19.9,2,False,False,False,False
2026-07-20T20:07:13.461136,1,0,16.9,2,False,False,False,False
2026-07-20T21:21:30.116951,1,0,15.6,0,False,False,False,False
2026-07-20T22:28:05.971128,1,0,12.6,0,False,False,False,False
2026-07-20T23:32:50.787739,1,0,11.5,0,False,False,False,False
2026-07-21T01:02:44.535572,1,0,10.2,0,False,False,False,False
2026-07-21T04:24:45.033920,0,0,7.9,2,False,False,False,False
2026-07-21T07:05:49.393994,0,0,14.1,3,False,False,False,False
2026-07-21T09:35:58.786342,11,20,18.0,3,False,False,False,False
2026-07-21T11:27:03.755976,12,23,21.2,2,False,False,False,False
2026-07-21T12:55:21.757505,12,21,22.0,3,False,False,False,False
2026-07-21T15:03:17.932030,11,15,22.2,2,False,False,False,False
2026-07-21T16:38:06.802700,6,14,21.5,3,False,False,False,False
2026-07-21T17:57:59.847194,5,21,20.1,2,False,False,False,False
2026-07-21T19:41:14.736155,3,12,16.9,3,False,False,False,False
2026-07-21T20:48:18.344554,0,0,15.0,3,False,False,False,False
2026-07-21T22:40:17.946771,0,0,14.7,3,False,False,False,False
2026-07-21T23:40:57.005706,0,0,14.2,3,False,False,False,False
2026-07-22T01:07:37.171088,0,0,13.0,2,False,False,False,False
2026-07-22T04:31:52.136327,0,0,9.2,1,False,False,False,False
2026-07-22T07:16:00.581378,0,0,17.6,0,False,False,False,False
2026-07-22T09:41:59.886115,15,16,21.2,2,False,False,False,False
2026-07-22T11:30:17.212093,13,18,23.4,2,False,False,False,False
2026-07-22T13:05:24.216162,10,15,23.7,2,False,False,False,False
2026-07-22T15:12:31.744653,9,11,24.8,2,False,False,False,False
2026-07-22T16:48:46.180225,6,11,23.8,3,False,False,False,False
2026-07-22T17:57:18.560204,6,12,22.6,2,False,False,False,False
2026-07-22T19:26:56.281715,4,7,18.4,2,False,False,False,False
2026-07-22T20:39:16.602591,0,0,15.9,3,False,False,False,False
2026-07-22T21:43:11.900455,0,0,14.9,3,False,False,False,False
2026-07-22T22:42:49.509241,0,0,15.2,3,False,False,False,False
2026-07-22T23:43:38.138970,0,0,15.0,3,False,False,False,False
2026-07-23T01:15:33.129389,0,0,14.0,3,False,False,False,False
2026-07-23T04:39:33.329486,0,0,13.9,3,False,False,False,False
2026-07-23T07:17:57.950393,0,0,17.0,3,False,False,False,False
2026-07-23T09:41:38.783550,12,16,19.3,2,False,False,False,False
2026-07-23T11:33:03.020675,10,25,21.1,2,False,False,False,False
2026-07-23T13:09:00.866011,12,26,22.1,2,False,False,False,False
2026-07-23T15:23:20.741724,8,24,22.4,3,False,False,False,False
2026-07-23T16:54:28.316250,8,16,21.6,3,False,False,False,False
2026-07-23T18:10:11.661948,10,23,19.5,3,False,False,False,False
2026-07-23T19:45:27.248496,6,8,15.2,2,False,False,False,False
2026-07-23T20:44:58.556844,1,0,13.1,1,False,False,False,False
2026-07-23T21:46:42.186416,1,0,12.2,3,False,False,False,False
2026-07-23T22:41:14.752090,1,0,12.1,3,False,False,False,False
2026-07-23T23:40:02.064455,1,0,12.2,3,False,False,False,False
2026-07-24T01:08:35.966147,1,0,11.4,2,False,False,False,False
2026-07-24T04:30:51.652355,0,0,7.5,1,False,False,False,False
2026-07-24T07:12:34.057790,0,0,15.3,0,False,False,False,False
2026-07-24T09:35:14.155960,12,13,20.1,2,False,False,False,False
2026-07-24T11:20:46.491570,14,17,22.8,2,False,False,False,False
2026-07-24T12:50:52.362488,16,17,24.4,0,False,False,False,False
2026-07-24T14:40:12.755323,12,19,24.0,1,False,False,False,False
2026-07-24T17:48:56.141899,8,13,22.2,0,False,False,False,False
2026-07-24T19:05:30.484049,6,8,19.2,0,False,False,False,False
2026-07-24T20:38:25.330564,0,0,16.4,1,False,False,False,False
2026-07-24T21:44:11.878894,0,0,13.5,3,False,False,False,False
2026-07-24T22:44:25.476570,0,0,11.1,2,False,False,False,False
2026-07-24T23:45:53.067239,0,0,9.6,3,False,False,False,False
2026-07-25T01:13:58.738549,0,0,8.9,3,False,True,False,False
2026-07-25T04:31:36.273940,0,0,8.3,3,False,True,False,False
2026-07-25T06:57:38.291731,0,0,16.1,1,False,True,False,False
2026-07-25T09:03:27.336148,7,15,22.8,1,False,True,False,False
2026-07-25T10:40:36.671607,18,23,26.8,0,False,True,False,False
2026-07-25T11:48:49.147428,22,23,29.7,0,False,True,False,False
2026-07-25T12:49:15.500420,23,24,30.9,0,False,True,False,False
2026-07-25T14:22:51.420170,22,23,31.6,1,False,True,False,False
2026-07-25T15:36:00.606834,16,23,31.7,2,False,True,False,False
2026-07-25T16:30:22.328763,13,20,30.7,2,False,True,False,False
2026-07-25T17:34:31.540065,14,17,29.2,2,False,True,False,False
2026-07-25T18:33:31.014282,11,16,26.7,2,False,True,False,False
2026-07-25T19:49:53.726816,6,8,23.7,3,False,True,False,False
2026-07-25T20:37:04.828280,0,0,23.3,3,False,True,False,False
2026-07-25T21:33:53.609707,0,0,22.7,3,False,True,False,False
2026-07-25T22:32:00.085024,0,0,22.2,3,False,True,False,False
2026-07-25T23:35:50.162760,0,0,20.8,3,False,True,False,False
2026-07-26T01:11:41.155341,0,0,19.6,3,False,True,False,False
2026-07-26T04:42:53.077967,0,0,18.5,3,False,True,False,False
2026-07-26T07:23:15.799408,0,0,20.5,61,False,True,False,False
2026-07-26T09:31:50.062266,20,29,20.8,61,False,True,False,False
2026-07-26T11:04:41.793263,34,53,21.3,3,False,True,False,False
2026-07-26T12:12:35.412998,41,64,21.1,3,False,True,False,False
2026-07-26T13:58:28.603823,48,75,22.2,80,False,True,False,False
2026-07-26T15:11:35.902427,41,62,23.5,2,False,True,False,False
2026-07-26T16:14:23.700251,39,56,23.4,2,False,True,False,False
2026-07-26T17:25:55.940522,30,54,23.0,3,False,True,False,False
2026-07-26T18:32:10.758032,24,44,21.2,2,False,True,False,False
2026-07-26T19:46:57.490434,12,13,19.1,2,False,True,False,False
2026-07-26T20:40:23.495095,0,0,18.4,1,False,True,False,False
2026-07-26T21:39:30.099243,0,0,18.7,1,False,True,False,False
2026-07-26T22:40:30.974639,0,0,19.5,3,False,True,False,False
2026-07-26T23:41:24.496225,0,0,19.8,80,False,True,False,False
2026-07-27T01:18:51.492495,0,0,18.6,2,False,False,False,False
2026-07-27T04:56:54.627381,0,0,20.6,3,False,False,False,False
2026-07-27T08:33:32.549889,10,11,19.4,3,False,False,False,False
2026-07-27T11:55:06.977399,21,29,18.6,3,False,False,False,False
2026-07-27T14:30:27.957113,20,29,23.0,3,False,False,False,False
2026-07-27T18:12:40.904929,11,28,21.9,2,False,False,False,False
2026-07-27T19:56:25.862441,3,5,19.7,3,False,False,False,False
2026-07-27T21:12:25.380489,1,0,18.5,2,False,False,False,False
2026-07-27T22:18:48.169536,1,0,17.7,3,False,False,False,False
2026-07-27T23:30:26.031937,1,0,16.0,2,False,False,False,False
2026-07-28T00:59:09.967994,1,0,16.0,2,False,False,False,False
2026-07-28T04:16:37.943194,0,0,14.0,1,False,False,False,False
2026-07-28T06:44:34.508479,0,0,17.7,0,False,False,False,False
2026-07-28T09:27:44.822823,10,15,22.4,0,False,False,False,False
2026-07-28T11:35:41.952128,8,14,26.5,0,False,False,False,False
2026-07-28T13:16:28.800998,8,14,27.8,0,False,False,False,False
2026-07-28T15:37:51.430141,7,15,27.9,0,False,False,False,False
2026-07-28T17:07:26.882307,8,12,27.5,0,False,False,False,False
2026-07-28T18:42:47.486456,8,11,23.7,0,False,False,False,False
2026-07-28T20:06:33.772750,0,0,20.2,0,False,False,False,False
2026-07-28T21:19:57.238013,0,0,18.2,0,False,False,False,False
2026-07-28T22:29:06.683897,0,0,16.4,0,False,False,False,False
2026-07-28T23:32:24.213504,0,0,14.6,0,False,False,False,False
2026-07-29T01:03:08.979281,0,0,14.3,0,False,False,False,False
2026-07-29T04:24:10.681104,0,0,12.6,0,False,False,False,False
2026-07-29T07:16:35.748084,0,0,21.1,1,False,False,False,False
2026-07-29T10:00:09.315517,10,15,28.5,1,False,False,False,False
2026-07-29T12:09:42.705819,10,14,32.1,2,False,False,False,False
2026-07-29T14:30:19.190575,9,15,33.1,1,False,False,False,False
2026-07-29T16:04:22.160859,8,12,32.5,0,False,False,False,False
2026-07-29T17:32:17.649397,6,11,31.0,0,False,False,False,False
2026-07-29T18:33:32.787990,4,8,28.0,0,False,False,False,False
2026-07-29T19:55:09.710472,1,1,24.0,0,False,False,False,False
2026-07-29T20:54:05.213283,1,1,21.2,1,False,False,False,False
2026-07-29T21:56:42.016144,1,1,20.3,1,False,False,False,False
2026-07-29T23:00:25.490003,1,1,20.8,2,False,False,False,False
2026-07-30T00:05:41.853273,1,1,20.7,1,False,False,False,False
2026-07-30T03:22:24.708374,0,0,16.1,2,False,False,False,False
2026-07-30T06:03:57.941755,0,0,21.4,0,False,False,False,False
2026-07-30T08:44:39.671390,8,6,29.7,0,False,False,False,False
2026-07-30T10:53:27.205067,10,11,34.2,0,False,False,False,False
2026-07-30T12:25:59.947765,12,13,35.5,0,False,False,False,False
2026-07-30T14:41:39.230293,9,13,36.4,0,False,False,False,False
2026-07-30T16:15:16.211128,8,9,35.3,0,False,False,False,False
2026-07-30T17:51:53.962588,10,8,32.2,0,False,False,False,False
2026-07-30T19:08:53.216095,7,5,25.8,0,False,False,False,False
2026-07-30T20:34:01.002423,0,0,22.3,0,False,False,False,False
2026-07-30T21:46:28.719915,0,0,23.2,1,False,False,False,False
2026-07-30T22:49:40.959799,0,0,21.6,0,False,False,False,False
2026-07-30T23:46:59.536100,0,0,19.8,1,False,False,False,False
2026-07-31T01:17:19.333173,0,0,17.2,0,False,False,False,False
2026-07-31T04:47:31.932449,0,0,15.1,0,False,False,False,False
2026-07-31T07:39:44.742522,0,0,25.3,1,False,False,False,False
2026-07-31T10:15:55.864207,12,10,32.7,0,False,False,False,False
2026-07-31T12:21:12.841582,11,10,36.2,0,False,False,False,False
2026-07-31T14:43:48.757997,11,10,36.7,3,False,False,False,False
2026-07-31T16:26:10.000498,5,8,33.5,3,False,False,False,False
2026-07-31T18:03:49.123426,7,7,20.5,95,False,False,False,False
2026-07-31T19:47:38.065614,4,5,20.1,61,False,False,False,False
2026-07-31T20:46:51.940790,0,0,19.7,3,False,False,False,False
2026-07-31T21:50:36.275068,0,0,18.6,2,False,False,False,False
2026-07-31T22:45:55.349260,0,0,17.4,3,False,False,False,False
2026-07-31T23:45:57.782585,0,0,17.0,3,False,False,False,False
2026-08-01T01:18:46.844816,0,0,15.5,45,False,True,False,False
2026-08-01T04:42:43.303117,0,0,18.3,3,False,True,False,False
2026-08-01T07:16:03.163020,0,0,21.3,1,False,True,False,False
2026-08-01T09:25:43.573409,9,14,23.8,2,False,True,False,False
2026-08-01T10:57:34.905988,20,22,25.6,1,False,True,False,False
2026-08-01T12:04:24.784272,23,24,27.7,2,False,True,False,False
2026-08-01T13:48:14.709898,22,28,28.0,3,False,True,False,False
2026-08-01T14:48:58.016177,20,30,28.3,2,False,True,False,False
2026-08-01T15:46:35.271921,16,29,26.2,3,False,True,False,False
2026-08-01T16:41:21.569667,13,23,24.4,3,False,True,False,False
2026-08-01T17:43:24.831540,12,21,22.6,96,False,True,False,False
2026-08-01T18:42:22.158489,10,18,20.9,95,False,True,False,False
2026-08-01T19:57:03.618169,7,9,19.8,3,False,True,False,False
2026-08-01T20:58:10.171696,0,0,19.6,2,False,True,False,False
2026-08-01T22:02:05.438537,0,0,19.1,3,False,True,False,False
2026-08-01T23:03:15.471761,0,0,19.2,3,False,True,False,False
2026-08-02T00:06:58.550318,0,0,18.5,3,False,True,False,False
2026-08-02T03:48:50.471831,0,0,17.3,45,False,True,False,False
2026-08-02T06:22:56.532139,0,0,19.8,3,False,True,False,False
2026-08-02T08:42:07.848566,9,16,22.7,3,False,True,False,False
2026-08-02T10:20:44.754377,18,28,24.8,2,False,True,False,False
2026-08-02T11:38:31.239576,26,34,26.5,2,False,True,False,False
2026-08-02T12:41:37.299414,28,31,27.9,1,False,True,False,False
2026-08-02T14:14:41.656283,25,30,29.2,0,False,True,False,False
2026-08-02T15:29:57.413039,20,23,29.2,3,False,True,False,False
2026-08-02T16:30:13.388280,12,17,28.3,3,False,True,False,False
2026-08-02T17:36:16.972717,11,15,25.3,3,False,True,False,False
2026-08-02T18:37:43.011031,8,12,22.1,3,False,True,False,False
2026-08-02T19:51:12.422852,2,1,19.2,3,False,True,False,False
2026-08-02T20:40:40.932968,0,0,19.1,3,False,True,False,False
2026-08-02T21:37:11.290806,0,0,18.9,3,False,True,False,False
2026-08-02T22:36:23.721536,0,0,19.0,3,False,True,False,False
2026-08-02T23:37:48.033512,0,0,19.0,3,False,True,False,False
2026-08-03T01:13:28.402825,0,0,17.2,2,False,False,False,False
2026-08-03T04:49:09.637755,0,0,15.9,45,False,False,False,False
2026-08-03T08:15:47.636892,2,6,24.2,2,False,False,False,False
2026-08-03T11:48:36.543087,6,13,32.1,0,False,False,False,False
2026-08-03T14:05:27.262119,8,12,34.8,1,False,False,False,False
2026-08-03T16:38:06.381160,8,8,33.7,2,False,False,False,False
2026-08-03T18:25:01.552649,5,8,28.8,3,False,False,False,False
2026-08-03T20:10:37.406147,0,0,24.0,3,False,False,False,False
2026-08-03T21:29:42.986678,0,0,22.7,2,False,False,False,False
2026-08-03T22:34:30.173450,0,0,21.9,2,False,False,False,False
2026-08-03T23:42:45.363828,0,0,21.5,1,False,False,False,False
2026-08-04T01:07:44.287394,0,0,18.5,3,False,False,False,False
2026-08-04T04:28:30.856824,0,0,17.7,1,False,False,False,False
2026-08-04T07:16:12.593529,0,0,26.3,0,False,False,False,False
2026-08-04T10:01:50.241931,8,12,32.8,2,False,False,False,False
2026-08-04T12:09:39.795049,8,13,36.0,0,False,False,False,False
2026-08-04T14:38:13.237555,10,12,36.1,0,False,False,False,False
2026-08-04T16:29:40.775180,9,12,35.3,0,False,False,False,False
2026-08-04T18:12:47.187867,9,10,31.0,0,False,False,False,False
2026-08-04T19:57:51.955987,0,0,25.6,3,False,False,False,False
2026-08-04T21:17:54.993049,0,0,25.9,3,False,False,False,False
2026-08-04T22:31:17.576160,0,0,25.0,3,False,False,False,False
2026-08-04T23:35:48.440715,0,0,24.2,3,False,False,False,False
2026-08-05T01:01:33.064247,0,0,23.5,3,False,False,False,False
2026-08-05T04:19:47.918670,0,0,22.3,1,False,False,False,False
2026-08-05T07:06:50.849155,0,0,27.3,0,False,False,False,False
2026-08-05T09:45:59.268812,10,11,31.4,0,False,False,False,False
2026-08-05T11:46:56.588573,8,12,33.3,0,False,False,False,False
2026-08-05T13:25:56.543486,6,12,34.3,0,False,False,False,False
2026-08-05T15:38:05.767647,6,11,33.3,1,False,False,False,False
2026-08-05T17:08:55.638201,5,7,32.2,2,False,False,False,False
2026-08-05T18:48:39.732226,3,6,27.7,3,False,False,False,False
2026-08-05T20:18:10.917458,0,0,24.3,3,False,False,False,False
2026-08-05T21:37:27.646548,0,0,23.1,61,False,False,False,False
2026-08-05T22:41:03.695224,0,0,21.3,61,False,False,False,False
2026-08-05T23:38:36.456487,0,0,20.8,61,False,False,False,False
2026-08-06T01:03:51.468209,0,0,19.8,61,False,False,False,False
2026-08-06T04:24:55.354846,0,0,18.4,2,False,False,False,False
2026-08-06T07:14:59.635713,0,0,22.6,3,False,False,False,False
2026-08-06T10:01:27.832375,18,17,25.6,3,False,False,False,False
2026-08-06T12:10:04.901744,20,22,27.3,3,False,False,False,False
2026-08-06T14:34:16.650718,20,19,27.4,3,False,False,False,False
2026-08-07T00:13:40.304648,0,0,18.0,45,False,False,False,False
2026-08-07T03:17:21.062023,0,0,18.3,3,False,False,False,False
2026-08-07T05:07:08.433015,0,0,17.9,2,False,False,False,False
2026-08-07T06:16:08.313590,0,0,18.5,3,False,False,False,False
2026-08-07T08:40:50.078089,5,7,19.9,3,False,False,False,False
2026-08-07T09:41:21.586621,11,14,21.5,1,False,False,False,False
2026-08-07T11:27:09.348785,9,18,24.0,1,False,False,False,False
2026-08-07T12:10:13.904172,9,19,24.9,1,False,False,False,False
2026-08-07T13:38:06.465823,10,21,26.4,2,False,False,False,False
2026-08-07T14:38:17.810640,10,21,26.8,2,False,False,False,False
2026-08-07T15:34:02.712383,10,20,26.8,2,False,False,False,False
2026-08-07T16:29:02.618889,11,17,26.7,3,False,False,False,False
2026-08-07T17:25:50.964323,10,16,25.0,3,False,False,False,False
2026-08-07T18:11:36.370021,9,20,23.6,3,False,False,False,False
2026-08-07T19:15:41.034107,8,16,21.7,3,False,False,False,False
2026-08-07T20:02:06.727818,4,10,20.9,3,False,False,False,False
2026-08-07T20:52:12.290899,0,1,20.5,3,False,False,False,False
2026-08-07T21:29:06.269545,0,1,20.1,2,False,False,False,False
2026-08-07T22:07:32.517609,0,1,19.2,2,False,False,False,False
2026-08-07T22:53:25.585883,0,1,18.2,45,False,False,False,False
2026-08-07T23:27:58.464869,0,1,17.8,1,False,False,False,False
2026-08-08T00:00:59.502131,0,1,17.7,1,False,True,False,False
2026-08-08T02:11:44.980138,0,1,16.3,2,False,True,False,False
2026-08-08T03:43:54.404079,0,0,15.0,45,False,True,False,False
2026-08-08T04:40:04.213853,0,0,14.7,45,False,True,False,False
2026-08-08T05:25:13.729591,0,0,15.6,45,False,True,False,False
2026-08-08T06:05:34.622244,0,0,17.6,45,False,True,False,False
2026-08-08T07:10:22.384511,0,0,19.8,2,False,True,False,False
2026-08-08T07:59:06.959559,2,5,21.5,1,False,True,False,False
2026-08-08T08:52:14.332861,4,11,23.5,1,False,True,False,False
2026-08-08T09:28:02.517447,6,11,24.3,1,False,True,False,False
2026-08-08T10:04:10.781071,8,12,25.3,1,False,True,False,False
2026-08-08T10:46:43.106106,12,14,26.9,2,False,True,False,False
2026-08-08T11:13:34.599645,13,15,27.2,2,False,True,False,False
2026-08-08T11:45:28.522916,14,16,27.4,1,False,True,False,False
2026-08-08T12:15:57.947634,16,17,27.8,1,False,True,False,False
2026-08-08T13:15:54.751988,16,22,28.9,0,False,True,False,False
2026-08-08T14:00:18.372083,15,20,29.0,0,False,True,False,False
2026-08-08T14:40:09.700415,15,20,29.0,0,False,True,False,False
2026-08-08T15:03:33.988758,15,20,28.9,0,False,True,False,False
2026-08-08T15:39:54.854456,14,21,28.6,0,False,True,False,False
2026-08-08T16:02:17.910048,13,20,28.2,0,False,True,False,False
2026-08-08T16:47:29.837893,11,14,27.8,0,False,True,False,False
2026-08-08T17:16:04.459571,10,11,26.8,0,False,True,False,False
2026-08-08T17:49:56.527076,10,11,25.4,0,False,True,False,False
2026-08-08T18:16:25.493210,7,9,23.9,0,False,True,False,False
2026-08-08T19:03:03.086754,6,7,21.7,0,False,True,False,False
2026-08-08T19:38:43.336509,4,5,21.1,0,False,True,False,False
2026-08-08T20:01:17.963293,4,2,20.4,0,False,True,False,False
2026-08-08T20:41:35.183874,0,0,19.7,0,False,True,False,False
2026-08-08T21:45:19.270610,0,0,18.2,0,False,True,False,False
2026-08-08T22:10:20.425273,0,0,17.9,0,False,True,False,False
2026-08-08T22:46:33.621582,0,0,16.6,0,False,True,False,False
2026-08-08T23:12:17.905311,0,0,16.3,0,False,True,False,False
2026-08-08T23:45:53.793943,0,0,16.3,0,False,True,False,False
2026-08-09T00:35:25.072834,0,0,15.8,1,False,True,False,False
2026-08-09T02:48:30.362311,0,0,13.3,0,False,True,False,False
2026-08-09T04:04:46.887968,0,0,12.8,1,False,True,False,False
2026-08-09T05:14:54.869651,0,0,13.3,45,False,True,False,False
2026-08-09T06:01:09.358201,0,0,17.2,0,False,True,False,False
2026-08-09T07:09:20.159221,0,0,20.7,0,False,True,False,False
2026-08-09T07:59:53.695266,4,10,23.0,0,False,True,False,False
2026-08-09T08:54:20.564872,6,15,25.7,0,False,True,False,False
2026-08-09T09:35:21.469766,9,18,27.5,0,False,True,False,False
2026-08-09T10:07:30.594655,11,20,28.5,0,False,True,False,False
2026-08-09T10:50:27.356519,15,22,30.6,1,False,True,False,False
2026-08-09T11:16:28.732044,15,22,31.4,3,False,True,False,False
2026-08-09T11:49:25.548375,17,19,32.0,3,False,True,False,False
2026-08-09T12:18:56.072442,16,23,32.5,3,False,True,False,False
2026-08-09T13:25:50.343899,21,24,32.8,0,False,True,False,False
2026-08-09T14:06:31.769944,20,26,32.8,0,False,True,False,False
2026-08-09T14:49:48.341031,21,25,32.9,0,False,True,False,False
2026-08-09T15:16:58.480875,19,23,32.7,0,False,True,False,False
2026-08-09T15:51:28.527318,16,23,32.3,0,False,True,False,False
2026-08-09T16:20:29.562663,14,21,31.7,0,False,True,False,False
2026-08-09T17:00:22.449058,12,20,31.1,0,False,True,False,False
2026-08-09T17:39:50.632040,10,18,29.3,3,False,True,False,False
2026-08-09T18:04:16.214731,9,17,27.3,3,False,True,False,False
2026-08-09T18:56:12.569556,7,15,25.0,3,False,True,False,False
2026-08-09T19:34:08.625988,5,10,23.1,3,False,True,False,False
2026-08-09T20:01:02.854016,1,0,22.5,3,False,True,False,False
2026-08-09T20:45:57.644847,1,0,24.7,3,False,True,False,False
2026-08-09T21:15:50.129543,1,0,25.5,3,False,True,False,False
2026-08-09T21:51:16.810810,1,0,25.3,3,False,True,False,False
2026-08-09T22:17:23.991315,1,0,24.5,3,False,True,False,False
2026-08-09T23:25:11.230142,1,0,22.8,3,False,True,False,False
2026-08-09T23:57:38.941103,1,0,21.6,3,False,True,False,False
2026-08-10T02:13:17.028772,1,0,18.0,3,False,False,False,False
2026-08-10T04:08:34.515319,0,0,16.7,1,False,False,False,False
